Motivation,Yes,No
Sustainability,0.9354838709677419,0.06451612903225812
Monetary,0.7419354838709677,0.25806451612903225
Humanitarian,0.7096774193548387,0.29032258064516125
Culture,0.41935483870967744,0.5806451612903225
