Cafeteria,Brought from home,External
1.3181818181818181,1.9545454545454546,0.2727272727272727
